Televisão de entrada do portfólio	Portfolio entrance television	ポートフォリオ入口のテレビ
Arraste para girar a TV · role para aproximar	Drag to turn the TV · scroll to zoom	ドラッグでテレビを回転 · スクロールでズーム
Televisão 3D: arraste para girar a câmera	3D television: drag to orbit the camera	3Dテレビ：ドラッグでカメラを回転
Desligar TV	Turn off TV	テレビを消す
Entrar no portfólio	Enter the portfolio	ポートフォリオに入る
Canal anterior	Previous channel	前のチャンネル
Próximo canal	Next channel	次のチャンネル
Diminuir volume	Volume down	音量を下げる
Aumentar volume	Volume up	音量を上げる
VOLUME	VOLUME	音量
CANAL	CHANNEL	チャンネル
ENERGIA	POWER	電源
ENTRAR	ENTER	入る
NÃO ABRA · ALTA TENSÃO	DO NOT OPEN · HIGH VOLTAGE	開けるな · 高電圧
Luta	Fighting	格闘
Monstros de bolso	Pocket monsters	モンスターバトル
Show ao vivo	Live show	ライブショー
RPG	RPG	RPG
Faroeste	Western	西部劇
Um FOLHINHA selvagem apareceu!	A wild LEAFLING appeared!	やせいの リーフリン が あらわれた！
FAÍSCA usou CHOQUE!	SPARKY used SHOCK!	スパーキー の でんげき！
É super efetivo!	It’s super effective!	こうかは ばつぐんだ！
FOLHINHA desmaiou!	LEAFLING fainted!	リーフリン は たおれた！
FOLHINHA	LEAFLING	リーフリン
FAÍSCA	SPARKY	スパーキー
Nv	Lv	Lv
AO VIVO	LIVE	生放送
SEG	MON	月
Depois da aula	After school	放課後
ATACAR	ATTACK	こうげき
HABILIDADE	SKILL	スキル
ITENS	ITEMS	アイテム
GUARDA	GUARD	ぼうぎょ
CAPÍTULO II	CHAPTER II	第二章
Arraste para girar a TV	Drag to turn the TV	ドラッグでテレビを回転
Blocos de bolso	Pocket Blocks	ポケットブロック
Melodia 64	Melody 64	メロディー64
Estrada	Highway	ハイウェイ
ESTÁ COM PRESSA?	IN A HURRY?	お急ぎですか？
QUEBRE AQUI	BREAK HERE	ここを割って！
DE NOVO!	AGAIN!	もう一回！
MAIS UMA!	ONE MORE!	あと一回！
VIDRO QUEBRADO	GLASS BROKEN	ガラスが割れた
Quebre a tela para abrir o modo recrutador	Break the screen to open recruiter mode	画面を割ると採用担当者モードが開きます
Clique na tela para abrir o modo recrutador	Click the screen to open recruiter mode	画面をクリックで採用担当者モードを開く
Toque na tela para abrir o modo recrutador	Tap the screen to open recruiter mode	画面をタップで採用担当者モードを開く
Clique na tela para quebrar o vidro · arraste para girar a TV	Click the screen to break the glass · drag to turn the TV	画面をクリックでガラスを割る · ドラッグでテレビを回転
Toque na tela para quebrar o vidro · arraste para girar a TV	Tap the screen to break the glass · drag to turn the TV	画面をタップでガラスを割る · ドラッグでテレビを回転
Quebrar a tela	Break the screen	画面を割る
Abrir modo recrutador	Open recruiter mode	採用担当者モードを開く
Clique na tela para abrir o modo recrutador · arraste para girar a TV	Click the screen to open recruiter mode · drag to turn the TV	画面をクリックで採用担当者モードを開く · ドラッグでテレビを回転
Toque na tela para abrir o modo recrutador · arraste para girar a TV	Tap the screen to open recruiter mode · drag to turn the TV	画面をタップで採用担当者モードを開く · ドラッグでテレビを回転
