Perfil	Profile	プロフィール
Relógio	Clock	時計
Computador de Okaru	Okaru's computer	Okaruのコンピューター
Aplicativos	Applications	アプリ
Bem-vindo, Okaru.	Welcome, Okaru.	おかえり、Okaru。
Um pequeno desktop para explorar projetos, habilidades e ideias.	A small desktop for exploring projects, skills and ideas.	プロジェクト、スキル、アイデアを探索する小さなデスクトップ。
Ambiente demonstrativo. O terminal e os recursos de hardware são fictícios.	Demo environment. The terminal and hardware resources are fictional.	デモ環境です。ターミナルとハードウェアの情報は架空です。
Ambiente demonstrativo	Demo environment	デモ環境
OS: Arch Linux · demonstração	OS: Arch Linux · demo	OS：Arch Linux · デモ
CPU: 8 núcleos fictícios	CPU: 8 simulated cores	CPU：架空の8コア
Memória: 4,2 / 16 GB fictícios	Memory: 4.2 / 16 simulated GB	メモリ：架空の4.2 / 16 GB
Todos os recursos desta máquina são simulados.	All resources on this machine are simulated.	このマシンのリソースはすべて架空です。
OS: humano	OS: human	OS：人間
Uptime: 21 anos	Uptime: 21 years	稼働時間：21年
Modelo: Engenharia da Computação	Model: Computer Engineering	モデル：コンピューター工学
Local: São Paulo, Brasil	Location: São Paulo, Brazil	所在地：ブラジル・サンパウロ
Formação: Ibmec · 2023–2027 (previsto)	Education: Ibmec · 2023–2027 (expected)	学歴：Ibmec · 2023～2027年（卒業予定）
Foco: hardware, infraestrutura e segurança	Focus: hardware, infrastructure and security	専門：ハードウェア、インフラ、セキュリティ
Guilda: Ycare · vice-presidente	Guild: Ycare · vice president	ギルド：Ycare · 副代表
Contato: hogasawara2311@outlook.com	Contact: hogasawara2311@outlook.com	連絡先：hogasawara2311@outlook.com
Comandos: help, neofetch, whoami, htop, date, clear. Use os ícones para abrir os aplicativos.	Commands: help, neofetch, whoami, htop, date, clear. Use the icons to open applications.	コマンド：help、neofetch、whoami、htop、date、clear。アイコンからアプリを開けます。
Monitor de processos fictícios	Simulated process monitor	架空のプロセスモニター
Comando não encontrado. Digite help.	Command not found. Type help.	コマンドが見つかりません。helpを入力してください。
Sentar e usar o computador	Sit down and use the computer	座ってコンピューターを使う
Voltar ao desktop	Return to desktop	デスクトップに戻る
Processo	Process	プロセス
Dados fictícios · atualização a cada segundo	Simulated data · refreshed every second	架空のデータ · 毎秒更新
Comando do desktop	Desktop command	デスクトップのコマンド
Executar	Run	実行
Prévia do currículo	Résumé preview	履歴書のプレビュー
O navegador não oferece prévia de PDF.	This browser cannot preview PDFs.	このブラウザーはPDFをプレビューできません。
Idioma do sistema	System language	システム言語
A escolha também é aplicada ao portfólio.	This choice also applies to the portfolio.	選択した言語はポートフォリオ全体にも適用されます。
Horário local do visitante	Visitor's local time	閲覧者の現地時刻
Host: Okaru Workstation	Host: Okaru Workstation	ホスト：Okaru Workstation
Kernel: portfolio 1.0	Kernel: portfolio 1.0	カーネル：portfolio 1.0
DE: Okaru Desktop	DE: Okaru Desktop	デスクトップ環境：Okaru Desktop
