Porta escondida no esquemático: ir para Sobre	Hidden door in the schematic: go to About	構成図の隠し扉：プロフィールへ
Porta escondida no esquemático: ir para Contato	Hidden door in the schematic: go to Contact	構成図の隠し扉：連絡先へ
Uma porta na parede do esquemático	A door in the schematic's wall	構成図の壁にある扉
Alçapão escondido no esquemático: ir para o quarto	Hidden hatch in the schematic: go to the bedroom	構成図の隠し床扉：部屋へ
Um alçapão na linha do esquemático	A hatch in the schematic's line	構成図の線にある床扉
Alçapão sob o retrato: ir para o quarto	Hatch under the portrait: go to the bedroom	写真の下の床扉：部屋へ
Um alçapão sob o retrato	A hatch under the portrait	写真の下にある床扉
Porta escondida em Jogando agora: ir para Projetos	Hidden door in Currently playing: go to Projects	「プレイ中」の隠し扉：プロジェクトへ
Porta escondida em Jogando agora: ir para Contato	Hidden door in Currently playing: go to Contact	「プレイ中」の隠し扉：連絡先へ
Uma porta na parede do painel	A door in the panel's wall	パネルの壁にある扉
Passagem atrás da interrogação: ir para o quarto	Passage behind the question mark: go to the bedroom	疑問符の裏の通路：部屋へ
Atrás da interrogação	Behind the question mark	疑問符の裏
Fenda das fichas: ir para Sobre	Coin slot: go to About	コイン投入口：プロフィールへ
Uma fenda sob as fichas	A slot under the coins	コインの下の投入口
Porta escondida no plástico-bolha: ir para Projetos	Hidden door in the bubble wrap: go to Projects	プチプチの隠し扉：プロジェクトへ
Uma porta na moldura do plástico-bolha	A door in the bubble wrap's frame	プチプチの枠にある扉
Alçapão sob o pinball	Hatch under the pinball	ピンボールの下の床扉
O pinball desliza e revela um alçapão. Ele sai no chão do esquemático, em Projetos.	The pinball slides aside and reveals a hatch. It comes out in the schematic's floor, in Projects.	ピンボールがずれて床扉が現れる。出口はプロジェクトの構成図の床。
Passagem atrás da estante	Passage behind the shelf	棚の裏の通路
A estante sobe e mostra uma escada dentro da parede. Ela sai no alçapão sob o meu retrato, em Sobre.	The shelf slides up and shows stairs inside the wall. They come out of the hatch under my portrait, in About.	棚が上にずれて、壁の中の階段が見える。出口はプロフィールの写真の下の床扉。
Túnel debaixo da cama	Tunnel under the bed	ベッドの下のトンネル
Debaixo da cama, perto do celular, começa um túnel. Ele sai atrás da interrogação de Contato.	Under the bed, by the phone, a tunnel begins. It comes out behind the question mark in Contact.	ベッドの下、スマホのそばからトンネルが始まる。出口は連絡先の疑問符の裏。
Atravessar a passagem	Go through the passage	通路を抜ける
Alçapão escondido nas missões: ir para Sobre	Hidden hatch in the quest log: go to About	ミッション一覧の隠し床扉：プロフィールへ
Alçapão escondido nas missões: ir para Contato	Hidden hatch in the quest log: go to Contact	ミッション一覧の隠し床扉：連絡先へ
Alçapão escondido nas missões: ir para o quarto	Hidden hatch in the quest log: go to the bedroom	ミッション一覧の隠し床扉：部屋へ
Um alçapão na linha das missões	A hatch in the quest log's line	ミッション一覧の線にある床扉
Tela de título	Title screen	タイトル画面
Tirar da bancada:	Remove from the workbench:	作業台から外す：
toque pra começar	Tap to start	タップで開始
espaço ou clique pra começar	Space or click to start	スペースかクリックで開始
toque pra tentar de novo	Tap to try again	タップで再挑戦
espaço ou clique pra tentar de novo	Space or click to try again	スペースかクリックで再挑戦
Ir pra Início	Go to Home	ホームへ移動
Ir pra Projetos	Go to Projects	プロジェクトへ移動
Ir pra Sobre	Go to About	プロフィールへ移動
Ir pra Contato	Go to Contact	連絡先へ移動
qualidade média · fps baixo	medium quality · low fps	画質：中・fps低下
qualidade economia · fps baixo	low-power quality · low fps	画質：省電力・fps低下
auto	auto	自動
trilha	track	曲
zoner	zoner	遠距離型
okaru: ir pro Início	okaru: go to Home	okaru：ホームへ
Levar à bancada:	Take to the workbench:	作業台へ：
clique pra levar à bancada	click to take it to the workbench	クリックで作業台へ
no offset	at offset	オフセット
Abrir a missão	Open mission	ミッションを開く：
ESP32, Arduino e Pi Pico na bancada; Proxmox, Linux e Windows Server no lab.	ESP32, Arduino and Pi Pico on the bench; Proxmox, Linux and Windows Server in the lab.	作業台ではESP32、Arduino、Pi Pico。ラボではProxmox、Linux、Windows Server。
