Ver a ficha (Sobre)	View profile (About)	プロフィールを見る
Encostar a mão	Touch it	手を置く
Ver a árvore	View skill tree	スキルツリーを見る
Ver as missões (Projetos)	View missions (Projects)	ミッションを見る
Ir pro Contato	Go to Contact	連絡先へ
Ver a missão 03	View mission 03	ミッション03を見る
Sentar e jogar	Sit down and play	座って遊ぶ
Abrir o Lab	Open the Lab	ラボを開く
Ver a missão 02	View mission 02	ミッション02を見る
Rolar o d20	Roll the D20	D20を振る
Falar de novo	Talk again	もう一度話す
Ver a missão 01	View mission 01	ミッション01を見る
Ir pro site comum	Go to the main site	メインサイトへ
BIP BIP BOP! Olá, humano. Bateria em 87%, empolgação em 100%.	BEEP BEEP BOOP! Hello, human. Battery at 87%, enthusiasm at 100%.	ピッピッポッ！こんにちは、人間さん。バッテリー87％、やる気100％。
01001111 01101001! Isso é “Oi” em binário. De nada.	01001111 01101001! That's “Oi” — hello in Portuguese — in binary. You're welcome.	01001111 01101001！ポルトガル語の挨拶「Oi」を2進数にしました。どういたしまして。
Diagnóstico: servos ok, LED ok, senso de humor... em calibração.	Diagnostics: servos OK, LED OK, sense of humor… calibrating.	診断：サーボ正常、LED正常、ユーモア……調整中。
Fui montado naquela bancada. Minha primeira memória é o cheiro de estanho.	I was built on that workbench. My first memory is the smell of solder.	あの作業台で組み立てられました。最初の記憶は、はんだの匂いです。
Aviso: não sou à prova d’água. Nem de café.	Warning: I'm not waterproof. Or coffee-proof.	注意：防水ではありません。コーヒーにも弱いです。
Protocolo de amizade: SYN... SYN-ACK... ACK! Conexão estabelecida.	Friendship protocol: SYN… SYN-ACK… ACK! Connection established.	友情プロトコル：SYN……SYN-ACK……ACK！接続完了。
BIP? BIP BIP! ...desculpa, era pra ser um BIP só.	BEEP? BEEP BEEP! …sorry, that was supposed to be just one beep.	ピッ？ピッピッ！……ごめん、1回だけのつもりでした。
Se eu parar no meio do caminho, não é pane. Eu tô pensando. Tá, às vezes é pane.	If I stop halfway, I haven't crashed. I'm thinking. Okay, sometimes I've crashed.	途中で止まっても故障ではありません。考え中です。まあ、たまに故障です。
Meu maior sonho é subir uma escada. Esteira não ajuda muito nisso.	My biggest dream is to climb stairs. Tracks aren't very helpful for that.	夢は階段を上ること。キャタピラでは難しいですね。
Pode fazer carinho na cabeça. Só com cuidado: o botão de reset fica ali.	You can pat my head. Gently: the reset button is there.	頭をなでてもいいですよ。でも優しく。リセットボタンがあるので。
Próxima	Next	次へ
Explorar o quarto	Explore the room	部屋を探索する
carregando o quarto...	loading the room…	部屋を読み込み中…
Arquivo salvo. Progresso guardado, HP cheio e a DETERMINAÇÃO lá em cima.	File saved. Progress stored, HP full, and DETERMINATION soaring.	セーブ完了。進行状況を保存し、HP満タン、ケツイもいっぱい。
A estrela brilhou, mas o navegador não deixou salvar. A DETERMINAÇÃO ficou, pelo menos.	The star shone, but the browser wouldn't save. At least the DETERMINATION stayed.	星は輝きましたが、ブラウザーが保存を許可しませんでした。ケツイは残っています。
Esse é o meu quarto! Pode explorar e mexer em tudo: toca no chão pra andar e toca nas coisas pra interagir.	This is my room! Explore everything: tap the floor to walk and tap objects to interact.	私の部屋です！自由に探索してください。床をタップして歩き、物をタップして調べられます。
Esse é o meu quarto! Pode explorar e mexer em tudo: anda com WASD ou as setas (ou clica no chão) e interage com E, espaço ou clicando nas coisas.	This is my room! Walk with WASD, the arrows or a floor click. Use E, Space or click objects to interact.	私の部屋です！WASD、矢印キー、床のクリックで移動。E、スペース、物のクリックで調べられます。
O Início fica lá fora: a porta aqui embaixo leva pro site comum. De lá, a portinha do lado do meu nome te traz de volta pra cá.	Home is outside: the door below leads to the main site. The little door beside my name brings you back here.	ホームは外です。下のドアからメインサイトへ行けます。名前の横の小さなドアで戻れます。
Os Projetos estão no quadro de missões, ali na parede. Cada papel preso é uma missão que eu concluí.	Projects are on the mission board on the wall. Each pinned note is a mission I've completed.	プロジェクトは壁のミッションボードにあります。紙はそれぞれ完了したミッションです。
O Sobre fica no espelho: é só se olhar nele pra ver a ficha do personagem.	About is in the mirror: look into it to see the character profile.	プロフィールは鏡です。のぞくとキャラクターの情報が見られます。
E o Contato tá no celular, no criado-mudo do lado da cama. O resto do quarto é por sua conta: fuça tudo!	Contact is on the phone on the bedside table. The rest is yours to explore!	連絡先はベッド横のスマートフォン。あとは自由に、隅々まで調べてみてください！
Save concluído. HP e MP restaurados. Bora de volta pro terminal?	Save complete. HP and MP restored. Back to the terminal?	セーブ完了。HPとMPが回復しました。ターミナルへ戻りますか？
Pochita · Chainsaw Man	Pochita · Chainsaw Man	ポチタ・チェンソーマン
Power · Chainsaw Man	Power · Chainsaw Man	パワー・チェンソーマン
Pikachu · Pokémon	Pikachu · Pokémon	ピカチュウ・ポケモン
Snorlax · Pokémon	Snorlax · Pokémon	カビゴン・ポケモン
Reze · Chainsaw Man	Reze · Chainsaw Man	レゼ・チェンソーマン
Lugia · Pokémon	Lugia · Pokémon	ルギア・ポケモン
ROUND 1 → K.O.	ROUND 1 → K.O.	ラウンド1 → K.O.	RODADA 1 → K.O.
Executar um combo	Perform a combo	コンボを出す
DOUBLE SHIP!	DOUBLE SHIP!	デュアルファイター！	NAVE DUPLA!
Resgatar a nave	Rescue the ship	機体を救出する
MISSION COMPLETE!	MISSION COMPLETE!	ミッション完了！	MISSÃO CUMPRIDA!
Chamar o tanque	Call the tank	戦車を呼ぶ
Completar quatro linhas	Clear four lines	4段消す
Fazer uma curva	Take a corner	コーナーを曲がる
Soltar as bolinhas	Release the balls	玉を打ち出す
Acionar os flippers	Use the flippers	フリッパーを動かす
Fazer Gengar rir	Make Gengar laugh	ゲンガーを笑わせる
Ver Mimikyu	Meet Mimikyu	ミミッキュを見る
Ver Totodile	Meet Totodile	ワニノコを見る
Dobrar a terra	Bend the earth	土の技を使う
Acender o sol	Light the sun	太陽をともす
Abrir as cortinas	Open the curtains	幕を開ける
Erguer o escudo	Raise the shield	盾を構える
Virar a página	Turn the page	ページをめくる
Configurar idioma	Set language	言語を設定する
Jogar Operação Circuito	Play Operation Circuit	オペレーション・サーキットで遊ぶ
Testar os escudos	Test the shields	シールドを試す
Gengar: hehehe!	Gengar: hehehe!	ゲンガー：へへへ！
Mimikyu: ...?	Mimikyu: …?	ミミッキュ：……？
Totodile: krok!	Totodile: krok!	ワニノコ：ワニッ！
Toph: eu senti isso.	Toph: I felt that.	トフ：今の、感じたよ。
O sol voltou a brilhar.	The sun shines again.	太陽が再び輝きました。
O show vai começar!	The show is about to start!	ショーが始まります！
Escudo erguido. Equipe pronta.	Shield up. Team ready.	盾を構えて、チームの準備完了。
Uma nova página, um novo desenho.	A new page, a new drawing.	新しいページ、新しい絵。
Porta · sair pro site comum	Door · exit to main site	ドア・メインサイトへ
· clique pra ir até lá	· click to walk there	・クリックでそこへ移動
Toque no chão pra andar · toque nos objetos pra interagir	Tap the floor to walk · tap objects to interact	床をタップして移動・物をタップして調べる
Setas ou WASD pra andar · E ou espaço pra interagir · ou clique	Arrows or WASD to walk · E or Space to interact · or click	矢印かWASDで移動・Eかスペースで調べる・クリックも可能
· Quarto	· Room	・部屋
Clique em qualquer coisa. Aqui cada objeto tem uma história.	Click anything. Every object here has a story.	何でもクリックしてください。どの物にも物語があります。
WASD pra andar · E pra usar	WASD to walk · E to use	WASDで移動・Eで使う
Voltar pro quarto	Back to the room	部屋に戻る
Voltar pro Início	Back to Home	ホームに戻る
Voltar pros Projetos	Back to Projects	プロジェクトに戻る
Ir pros Projetos	Go to Projects	プロジェクトへ
Voltar pro Sobre	Back to About	プロフィールに戻る
Ir pro Sobre	Go to About	プロフィールへ
