Urso de pelúcia	Teddy bear	クマのぬいぐるみ
Um urso macio com um laço verde. Companheiro das maratonas de jogo, sempre pronto para um abraço.	A soft bear with a green bow. A companion for long gaming sessions, always ready for a hug.	緑のリボンをつけた柔らかいクマ。長いゲーム時間のお供で、いつでも抱っこを待っています。
Abraçar o urso	Hug the bear	クマを抱っこする
Um pequeno Mimikyu guarda a cama. Debaixo do disfarce, só quer fazer companhia.	A little Mimikyu guards the bed. Under the disguise, it just wants company.	小さなミミッキュがベッドを守っています。変装の下では、ただ一緒にいたいだけ。
Pelúcia verde	Green plush	緑のぬいぐるみ
Uma pequena pelúcia verde de olhos curiosos e pés macios. Fica perto do tapete, de olho nas pedrinhas.	A little green plush with curious eyes and soft feet. It sits by the rug, watching the pebbles.	好奇心いっぱいの目と柔らかい足を持つ、小さな緑のぬいぐるみ。ラグのそばで小石を見ています。
Fazer carinho	Give it a pat	なでる
Estante de personagens	Character cabinet	キャラクターの棚
Uma coletânea de alguns dos meus personagens favoritos. Cada um guarda uma história pela qual tenho muito carinho.	A collection of some of my favorite characters. Each one holds a story that means a lot to me.	大好きなキャラクターたちのコレクション。それぞれに、思い入れのある物語があります。
Sentar no puff	Sit on the beanbag	ビーズクッションに座る
Enviar para reconhecimento	Send on patrol	偵察に出す
Ver no Archidekt	View on Archidekt	Archidektで見る
Ver no Moxfield	View on Moxfield	Moxfieldで見る
Pochita dá um pulinho e encosta a serrinha no seu dedo. Um contrato de amizade, sem letras miúdas.	Pochita hops up and gently touches your finger with its little saw. A friendship contract, no fine print.	ポチタがぴょんと跳ねて、小さなノコギリを指にそっと当てます。細かい条件のない、友情の契約。
Power ergue os braços: «Contemplem a grande Power!» Depois aponta para o lugar de honra na estante.	Power raises her arms: “Behold the great Power!” Then she points to the cabinet's place of honor.	パワーが両手を上げます。「偉大なるパワー様じゃ！」そして棚の特等席を指さしました。
Pikachu ajeita o boné. «Pika!» Uma faísca pequenininha ilumina as bochechas.	Pikachu adjusts its cap. “Pika!” A tiny spark lights up its cheeks.	ピカチュウが帽子を直します。「ピカ！」小さな火花が頬を照らしました。
Snorlax abre um olho, boceja e volta a dormir. A estante é oficialmente uma área de descanso.	Snorlax opens one eye, yawns and falls asleep again. The cabinet is officially a rest area.	カビゴンが片目を開け、あくびをしてまた眠ります。この棚は正式に休憩所となりました。
Reze sorri discretamente e oferece uma flor. Por um instante, parece só uma visita tranquila ao café.	Reze smiles softly and offers a flower. For a moment, it feels like a quiet visit to the café.	レゼが控えめに笑い、花を差し出します。一瞬だけ、穏やかなカフェでのひとときのよう。
Lugia abre as asas e inclina a cabeça. Uma brisa suave passa pela coleção.	Lugia spreads its wings and tilts its head. A gentle breeze passes through the collection.	ルギアが翼を広げ、首をかしげます。優しい風がコレクションを通り抜けました。
O urso afunda num abraço e volta à sua pose de sempre. Um bom lugar para descansar a cabeça.	The bear squishes into a hug, then returns to its usual pose. A good place to rest your head.	クマをぎゅっと抱くと、いつもの姿に戻りました。頭を休めるのにちょうどよさそう。
Mimikyu inclina a cabeça de pano e se aproxima um pouquinho. «...mimi?»	Mimikyu tilts its cloth head and comes a little closer. “…mimi?”	ミミッキュが布の頭をかしげ、少し近づきます。「……ミミ？」
A pelúcia balança os pezinhos. Parece feliz por fazer companhia.	The plush wiggles its little feet. It seems happy to keep you company.	ぬいぐるみが小さな足を揺らします。一緒にいられてうれしそう。
O melhor lugar para uma partida na TV de tubo. Pode sentar, o segundo controle é seu.	The best seat for a game on the CRT. Make yourself comfortable; the second controller is yours.	ブラウン管テレビで遊ぶ特等席。座ってどうぞ。2つ目のコントローラーはあなたのもの。
Reconhecimento iniciado. O drone vai dar uma volta e já retorna à base.	Reconnaissance started. The drone will take a short trip and return to base.	偵察開始。ドローンが少し見回って、基地へ戻ります。
Pegando os decks…	Picking up the decks…	デッキを手に取っています…
Levantar do puff	Get up from the beanbag	クッションから立つ
Movimento	Motion	動き
Reduzido	Reduced	少なめ
Completo	Full	通常
Mirar ↑	Aim ↑	上を狙う↑
Mirar ↓	Aim ↓	下を狙う↓
A/D ou ←/→: mover · ↑/↓: mirar · W/K: pular · Espaço/J: atirar · T: tanque · P: pausa. O mouse também mira.	A/D or ←/→: move · ↑/↓: aim · W/K: jump · Space/J: shoot · T: tank · P: pause. You can also aim with the mouse.	A/Dか←/→で移動・↑/↓で照準・W/Kでジャンプ・スペース/Jで発射・Tで戦車・Pでポーズ。マウスでも照準を動かせます。
Abraço de urso	Bear hug	クマのハグ
Abrace o urso de pelúcia.	Hug the teddy bear.	クマのぬいぐるみを抱っこする。
Um abraço para recarregar as energias.	A hug to recharge your energy.	ハグで元気を充電。
Lugar do jogador dois	Player two's seat	プレイヤー2の席
Sente no puff em frente à TV.	Sit on the beanbag in front of the TV.	テレビの前のクッションに座る。
O segundo controle é seu.	The second controller is yours.	2つ目のコントローラーはあなたのもの。
Abrem-se as cortinas	Curtain call	開幕
Descubra a cartola de Hatty.	Discover Hatty's hat.	ハッティの帽子を見つける。
O espetáculo começou.	The show has begun.	ショーが始まりました。
Pronto para o cooperativo	Ready for co-op	協力プレイの準備完了
Erga o escudo de Castle Crashers.	Raise the Castle Crashers shield.	Castle Crashersの盾を構える。
A equipe pode contar com você.	The team can count on you.	頼れる仲間になりました。
Página em branco	Blank page	白紙のページ
Vire uma página do caderno de Omori.	Turn a page in Omori's sketchbook.	OMORIのスケッチブックをめくる。
Uma nova ideia ganhou forma.	A new idea took shape.	新しいアイデアが形になりました。
Clube das pelúcias	Plush club	ぬいぐるみクラブ
Interaja com as seis pelúcias da coleção.	Interact with all six collection characters.	コレクションの6人全員と交流する。
Você conheceu toda a turma.	You met the whole gang.	みんなに会いました。
Lição de terra	Earth lesson	土の教え
Veja Hikaru tropeçar em uma pedrinha.	See Hikaru trip over a pebble.	ヒカルが小石につまずくのを見る。
Toph recomenda prestar atenção no chão.	Toph recommends watching the ground.	トフからの助言：足元をよく見よう。
O peso da honra	The weight of honour	名誉の重み
Role o D20 dourado.	Roll the golden D20.	金色のD20を振る。
Um dado dourado para lembrar o Honour Mode.	A golden die to remember Honour Mode.	名誉モードの思い出を金色のダイスに。
Além da capa	Beyond the cover	表紙の先へ
Veja a segunda imagem dos quatro projetos.	View the second image of all four projects.	4つのプロジェクトで2枚目の画像を見る。
Você explorou os esquemas de cada projeto.	You explored every project's diagrams.	各プロジェクトの構成図を調べました。
Primeira missão	First mission	初任務
Jogue Operação Circuito no fliperama de tiro.	Play Operation Circuit in the shooting cabinet.	シューティング筐体でオペレーション・サーキットを遊ぶ。
O circuito está sob sua proteção.	The circuit is under your protection.	回路の防衛を任されました。
Reforço blindado	Armored support	装甲援軍
Chame o tanque dentro de Operação Circuito.	Call the tank in Operation Circuit.	オペレーション・サーキットで戦車を呼ぶ。
Reforços chegaram.	Reinforcements have arrived.	援軍が到着しました。
Circuito protegido	Circuit protected	回路を防衛
Conclua Operação Circuito com 2.400 pontos.	Complete Operation Circuit with 2,400 points.	オペレーション・サーキットで2,400点を獲得してクリアする。
Todos os setores estão seguros.	All sectors are secure.	全区域の安全を確保しました。
