Muito prazer! Meu nome é Hikaru Ogasawara. Tenho 21 anos, moro em São Paulo e estudo Engenharia da Computação no Ibmec, com formatura prevista para 2027. Gosto de hardware, infraestrutura e segurança, e passo boa parte do tempo montando laboratórios e projetos por conta própria. Fora da faculdade, sou vice-presidente da Ycare, uma organização voluntária que todo segundo sábado do mês leva cestas com alimentos e itens de higiene a uma comunidade: cuido da arrecadação, da montagem das cestas e da mobilização dos voluntários. Nas horas vagas, jogo de tudo um pouco.	Nice to meet you! I'm Hikaru Ogasawara, 21, based in São Paulo and studying Computer Engineering at Ibmec, with graduation expected in 2027. I enjoy hardware, infrastructure and security, and spend much of my time building labs and personal projects. Outside university, I'm vice president of Ycare, a volunteer organization delivering food and hygiene baskets to a community on the second Saturday of each month. I handle fundraising, packing and coordinating volunteers. In my spare time, I play a bit of everything.	はじめまして、小笠原光です。21歳でサンパウロ在住。Ibmecでコンピュータ工学を学び、2027年に卒業予定です。ハードウェア、インフラ、セキュリティが好きで、自分でラボやプロジェクトを作っています。大学の外では、毎月第2土曜日に地域へ食品や衛生用品を届けるボランティア団体Ycareの副代表を務めています。寄付の募集、物資の準備、参加者の調整を担当。余暇にはいろいろなゲームを遊びます。
fix(bio): tirar os sapatos	fix(bio): take off shoes	fix(bio): 靴を脱ぐ
Prefiro trabalhar de sapato: camada sobre camada entre mim e a máquina.	I prefer working with shoes on: layer after layer between me and the machine.	靴を履いて働く方が好き。自分とマシンの間には何層もの隔たりがある。
merged em main	merged into main	mainにマージ済み
1 arquivo · +1 −1	1 file · +1 −1	1ファイル・＋1 −1
Sismógrafo · SP-01	Seismograph · SP-01	地震計・SP-01
Engenharia da Computação · Ibmec SP · 2023–2027 (previsto)	Computer Engineering · Ibmec SP · 2023–2027 (expected)	コンピュータ工学・Ibmec SP・2023～2027年（予定）
21 anos · São Paulo, BR ·	21 years old · São Paulo, BR ·	21歳・ブラジル、サンパウロ・
Estudante de Engenharia da Computação, 21 anos, em busca de estágio em infraestrutura, segurança ou sistemas embarcados. Já entreguei projetos para a Invivio Tecnologia, a CPTM e o Ibmec, do firmware ao dashboard, e monto laboratórios por conta própria: servidor Windows com AD, firewall IPFire, SIEM e Proxmox, tudo montado e testado em casa. Gosto de entender como uma coisa funciona por dentro antes de mexer nela, e aprendo fazendo: montar, medir, quebrar e montar de novo.	Computer Engineering student, 21, seeking an internship in infrastructure, security or embedded systems. I've delivered projects for Invivio Tecnologia, CPTM and Ibmec, from firmware to dashboards. I build my own labs with Windows Server and AD, IPFire, SIEM and Proxmox, all assembled and checked at home. I like to understand how something works before changing it. I learn by building, measuring, breaking and rebuilding.	コンピュータ工学を学ぶ21歳の学生です。インフラ、セキュリティ、組み込みシステム分野のインターンを希望しています。Invivio Tecnologia、CPTM、Ibmec向けに、ファームウェアからダッシュボードまで開発しました。自宅ではAD付きWindows Server、IPFire、SIEM、Proxmoxのラボを構築・検証しています。仕組みを理解してから手を加え、組み立て、測定し、失敗して、また作ることで学びます。
Ibmec · Engenharia da Computação, 2023–2027 (previsto) · Instituto Sidarta · ensino médio, 2010–2022	Ibmec · Computer Engineering, 2023–2027 (expected) · Instituto Sidarta · school education, 2010–2022	Ibmec・コンピュータ工学、2023～2027年（予定）・Instituto Sidarta・初等中等教育、2010～2022年
· LinkedIn e GitHub logo abaixo	· LinkedIn and GitHub below	・LinkedInとGitHubは下にあります
Português nativo · Inglês fluente na leitura e semifluente na fala · Japonês intermediário-avançado · Espanhol intermediário	Native Portuguese · English: fluent reading, conversational speaking · Upper-intermediate Japanese · Intermediate Spanish	ポルトガル語：母語・英語：読解は流暢、会話は実用レベル・日本語：中上級・スペイン語：中級
Invivio Tecnologia (AquaSense, IoT), CPTM (API de ativos ferroviários) e Ibmec (site de evento)	Invivio Tecnologia (AquaSense, IoT), CPTM (railway asset API) and Ibmec (event website)	Invivio Tecnologia（AquaSense、IoT）、CPTM（鉄道資産API）、Ibmec（イベントサイト）
Vice-presidente da Ycare, organização voluntária que leva cestas de alimentos e higiene a uma comunidade todo mês · voluntário na Kochi Kenjinkai (Festival do Japão)	Vice president of Ycare, delivering food and hygiene baskets to a community every month · Kochi Kenjinkai volunteer (Festival do Japão)	毎月地域に食品と衛生用品を届けるYcareの副代表・高知県人会の日本祭りボランティア
Automotivação e interesse em aprender a área · proatividade e iniciativa pra resolver problemas · responsabilidade com entregas e prazos	Self-motivation and interest in learning · initiative in solving problems · responsibility for deliverables and deadlines	自発的に学ぶ姿勢・課題解決への積極性・成果物と納期への責任感
Calma sob a pressão do dia a dia · trabalho em grupo, de projeto de faculdade a coordenação de voluntários · comunicação em quatro idiomas, adaptando o material a cada público	Calm under everyday pressure · teamwork from university projects to volunteer coordination · communication in four languages, adapted to each audience	日々のプレッシャーでも落ち着いて対応・大学の共同開発からボランティア調整までのチームワーク・相手に合わせた4言語でのコミュニケーション
Entender a fundo antes de mexer, testar antes de acreditar: multímetro antes do printf, JUnit e Postman antes do deploy	Understand before changing, test before trusting: multimeter before printf, JUnit and Postman before deployment	触る前に理解し、信じる前に検証。printfの前にテスター、デプロイの前にJUnitとPostman
IPFire, SIEM, Kali Linux, iptables/ufw, segmentação de rede	IPFire, SIEM, Kali Linux, iptables/ufw, network segmentation	IPFire、SIEM、Kali Linux、iptables/ufw、ネットワーク分割
ESP32, Arduino, I²C, UART, PWM, LCD, sensores, LogiSim	ESP32, Arduino, I²C, UART, PWM, LCD, sensors, LogiSim	ESP32、Arduino、I²C、UART、PWM、LCD、センサー、LogiSim
Python, Java, C e C++ (Arduino, ESP32), TypeScript, SQL, MATLAB/Octave	Python, Java, C and C++ (Arduino, ESP32), TypeScript, SQL, MATLAB/Octave	Python、Java、C/C++（Arduino、ESP32）、TypeScript、SQL、MATLAB/Octave
React, Spring Boot, REST, MQTT, WebSocket, Postman · HTML e CSS (básico)	React, Spring Boot, REST, MQTT, WebSocket, Postman · HTML and CSS (basic)	React、Spring Boot、REST、MQTT、WebSocket、Postman・HTML/CSS（基礎）
Power BI, Excel avançado, Git, GitHub Actions, JUnit, Vitest, Playwright · aplicações de IA (básico)	Power BI, advanced Excel, Git, GitHub Actions, JUnit, Vitest, Playwright · AI applications (basic)	Power BI、Excel応用、Git、GitHub Actions、JUnit、Vitest、Playwright・AI活用（基礎）
Kernel panic	Kernel panic	カーネルパニック	Falha do kernel
Domain Controller	Domain Controller	ドメインコントローラー	Controlador de domínio
São Paulo, BR	São Paulo, BR	ブラジル、サンパウロ
são paulo,	São Paulo,	サンパウロ、
14 ENDPOINTS · 9 CONTROLLERS	14 ENDPOINTS · 9 CONTROLLERS	14エンドポイント・9コントローラー	14 ROTAS · 9 CONTROLADORES
ms (máx	ms (max	ms（最大
[ 4242.000001] bash: fork: retry: Resource temporarily unavailable	[ 4242.000001] bash: fork: retry: Resource temporarily unavailable	[ 4242.000001] bash: fork: 再試行：リソースを一時的に利用できません	[ 4242.000001] bash: fork: nova tentativa: recurso temporariamente indisponível
[ 4242.000417] Out of memory: Killed process 2311 (bash) total-vm:∞kB	[ 4242.000417] Out of memory: Killed process 2311 (bash) total-vm:∞kB	[ 4242.000417] メモリー不足：プロセス2311 (bash) を終了 total-vm:∞kB	[ 4242.000417] Sem memória: processo 2311 (bash) encerrado total-vm:∞kB
[ 4242.000418] Kernel panic - not syncing: Out of memory and no killable processes...	[ 4242.000418] Kernel panic - not syncing: Out of memory and no killable processes...	[ 4242.000418] カーネルパニック：メモリー不足、終了可能なプロセスなし…	[ 4242.000418] Falha do kernel: sem memória e sem processos que possam ser encerrados...
[ 4242.000420] Hardware name: Ibmec SP / Engenharia da Computação, BIOS REV. 2027	[ 4242.000420] Hardware name: Ibmec SP / Computer Engineering, BIOS REV. 2027	[ 4242.000420] ハードウェア：Ibmec SP / コンピュータ工学、BIOS REV. 2027	[ 4242.000420] Hardware: Ibmec SP / Engenharia da Computação, BIOS REV. 2027
[ 4242.000421] Call Trace:	[ 4242.000421] Call Trace:	[ 4242.000421] 呼び出し履歴：	[ 4242.000421] Rastreamento de chamadas:
[ 4242.000429] ---[ end Kernel panic - not syncing: fork bomb detectada. em produção, nunca. ]---	[ 4242.000429] ---[ end Kernel panic: fork bomb detected. Never in production. ]---	[ 4242.000429] ---[ カーネルパニック終了：フォーク爆弾を検出。本番では実行禁止。]---	[ 4242.000429] ---[ fim da falha do kernel: fork bomb detectada. Em produção, nunca. ]---
