Nada que um reboot não resolva	Nothing a reboot can't fix	再起動で復活
Reinicie após a falha fictícia do boot.	Reboot after the simulated startup failure.	起動エラーの演出後に再起動する。
O sistema voltou e nenhum arquivo foi perdido.	The system is back, with every file intact.	システムが復旧。ファイルはすべて無事でした。
Bem-vindo ao desktop	Welcome to the desktop	デスクトップへようこそ
Sente e abra o computador do quarto.	Sit down and open the bedroom computer.	部屋のコンピューターに座って起動する。
Okaru Desktop está pronto para explorar.	Okaru Desktop is ready to explore.	Okaru Desktopを探索する準備ができました。
Conheça sua máquina	Know your machine	マシンを知ろう
Execute neofetch no terminal do computador.	Run neofetch in the computer terminal.	コンピューターのターミナルでneofetchを実行する。
Uma ficha técnica inteiramente de faz de conta.	A completely fictional specification sheet.	すべて架空のスペック表です。
Currículo na área de trabalho	Résumé on the desktop	デスクトップで履歴書
Abra a prévia do currículo dentro do computador.	Open the résumé preview inside the computer.	コンピューター内で履歴書のプレビューを開く。
O próximo capítulo começa por aqui.	The next chapter starts here.	次の章はここから始まります。
Viagem de volta	Return trip	帰り道
Use um pedestal para voltar ao início.	Use a pedestal to return home.	台座を使ってホームに戻る。
Você encontrou um atalho entre as páginas.	You found a shortcut between pages.	ページをつなぐ近道を見つけました。
Memória muscular	Muscle memory	体で覚えた技
Execute dez golpes clássicos diferentes na hitbox.	Perform ten different classic moves on the hitbox.	ヒットボックスで異なる定番技を10種類出す。
Dez homenagens aos jogos de luta, um só controle.	Ten fighting-game tributes, one controller.	1つのコントローラーで格闘ゲームの技を10種類再現。
Cinco gerações de diversão	Five generations of fun	5世代の楽しさ
Jogue com os cinco controles clássicos.	Play with all five classic controllers.	5種類すべてのクラシックコントローラーで遊ぶ。
Cada controle tem uma história e um jogo.	Every controller has a story and a game.	どのコントローラーにも物語とゲームがあります。
