Rebote CRT	CRT Bounce	CRTブロックくずし
Jogar na TV	Play on the TV	テレビで遊ぶ
Voltar ao puff	Return to the beanbag	クッションに戻る
Prepare a raquete. A próxima bola é sua.	Get your paddle ready. The next ball is yours.	パドルを構えて、ボールを打ち出そう。
Rebata a bola e limpe os blocos.	Bounce the ball and clear the bricks.	ボールを跳ね返してブロックを消そう。
Partida pausada. Continue quando quiser.	Game paused. Resume whenever you like.	一時停止中。準備ができたら再開しよう。
Fim de jogo. Que tal mais uma partida?	Game over. How about another round?	ゲームオーバー。もう一度挑戦しよう。
Três fases completas. A TV é toda sua!	Three stages cleared. The TV is all yours!	全3ステージクリア！テレビを独り占めだ！
Uma partida no puff	A game from the beanbag	クッションでひと遊び
Tela limpa!	All clear!	全面クリア！
Lançar bola	Launch ball	ボールを打ち出す
Bola em jogo	Ball in play	プレイ中
Reiniciar partida	Restart game	最初からやり直す
Recorde	Best	ハイスコア
Fase	Stage	ステージ
Quebra-blocos da TV. Mova a raquete para rebater a bola.	TV brick breaker. Move the paddle to bounce the ball.	テレビのブロックくずし。パドルを動かしてボールを跳ね返します。
Limpe os blocos de três fases com três vidas. Cada fase concluída recupera uma vida, até o máximo de três.	Clear three stages with three lives. Each cleared stage restores one life, up to three.	ライフ3つで全3ステージのブロックを消そう。ステージをクリアするとライフが1つ回復します（最大3つ）。
Mova o mouse, arraste na tela ou use ←/→ e A/D. Acerte com as pontas da raquete para mudar a direção da bola.	Move the mouse, drag on the screen or use ←/→ and A/D. Hit with the paddle edges to change the ball's direction.	マウス移動、画面のドラッグ、←/→またはA/Dで操作。パドルの端に当てるとボールの方向を変えられます。
Clique na tela ou aperte Espaço/Enter para lançar. P pausa ou continua; R reinicia; Esc volta ao puff.	Click the screen or press Space/Enter to launch. P pauses or resumes; R restarts; Esc returns to the beanbag.	画面をクリック、またはSpace/Enterでボールを打ち出します。Pで一時停止・再開、Rでやり直し、Escでクッションに戻ります。
O recorde fica salvo neste navegador.	Your best score is saved in this browser.	ハイスコアはこのブラウザーに保存されます。
