simulação	simulation	シミュレーション
AVISO: VERIFICAÇÃO DE VÍRUS	WARNING: VIRUS CHECK	警告：ウイルスチェック
AVISO: SEU SISTEMA PODE TER ENCONTRADO VÍRUS	WARNING: YOUR SYSTEM MAY HAVE FOUND VIRUSES	警告：システムがウイルスを検出した可能性があります
Encontramos (2) vírus de faz de conta: Rootkit.Solda.Fria e Trojan.Pixel.Art.	We found (2) make-believe viruses: Rootkit.Solda.Fria and Trojan.Pixel.Art.	架空のウイルスを2件発見しました：Rootkit.Solda.Fria と Trojan.Pixel.Art。
| Proteção Total	| Total Protection	| トータルプロテクション
Verificação rápida	Quick scan	クイックスキャン
Concluída	Done	完了
Seu PC está infectado com 5 vírus!	Your PC is infected with 5 viruses!	お使いのPCは5個のウイルスに感染しています！
AVISO!	WARNING!	警告！
Seu sistema está infectado com vírus imaginários e outros aplicativos de faz de conta.	Your system is infected with imaginary viruses and other make-believe apps.	システムが架空のウイルスや空想のアプリに感染しています。
Renovar licença	Renew license	ライセンスを更新
Erro	Error	エラー
Okaru.exe realizou uma operação ilegal e será fechado.	Okaru.exe has performed an illegal operation and will be shut down.	Okaru.exe は不正な処理を行ったため終了します。
Detalhes >>	Details >>	詳細 >>
Seu sistema está infectado com 3 vírus!	Your system is infected with 3 viruses!	システムが3個のウイルスに感染しています！
AÇÃO IMEDIATA NECESSÁRIA	IMMEDIATE ACTION REQUIRED	直ちに対応が必要です
Detectamos um cavalo de Troia (os.Pixel_worm) no seu Okaru.	We detected a trojan horse (os.Pixel_worm) on your Okaru.	お使いのOkaruでトロイの木馬（os.Pixel_worm）を検出しました。
Pressione OK para começar o reparo.	Press OK to start the repair.	OKを押して修復を開始してください。
Adware / notificações bloqueadas	Adware / notifications blocked	アドウェア／通知をブロックしました
Pop-ups persistentes de okaru.fake foram bloqueados.	Persistent pop-ups from okaru.fake were blocked.	okaru.fake からのしつこいポップアップをブロックしました。
Remover ameaça	Remove threat	脅威を削除
ERRO CRÍTICO!	CRITICAL ERROR!	致命的なエラー！
Um BUG selvagem apareceu!	A wild BUG appeared!	やせいの バグが あらわれた！
Hikaru usou CTRL+Z... Não foi muito efetivo.	Hikaru used CTRL+Z... It's not very effective.	ヒカルの CTRL+Z！ こうかは いまひとつの ようだ…
Seu computador foi bloqueado	Your computer has been locked	コンピューターがロックされました
Não desligue nem reinicie o computador.	Do not turn off or restart your computer.	コンピューターの電源を切ったり再起動したりしないでください。
Suporte:	Support:	サポート：
Número de mentira. Não ligue.	Fake number. Do not call.	うその番号です。電話しないでください。
O seu PC encontrou um problema e precisa reiniciar. Estamos coletando informações de faz de conta.	Your PC ran into a problem and needs to restart. We're collecting some make-believe info.	PCで問題が発生したため、再起動する必要があります。架空の情報を収集しています。
0% concluído	0% complete	0% 完了
Portfólio (Não está respondendo)	Portfolio (Not Responding)	ポートフォリオ（応答なし）
O programa não está respondendo. Se fechar, você poderá perder dados imaginários.	The program isn't responding. If you close it, you may lose imaginary data.	プログラムが応答していません。閉じると架空のデータが失われる可能性があります。
Fechar o programa	Close the program	プログラムを閉じる
Aguardar	Wait	待機
Toque na tela para reiniciar	Tap the screen to reboot	画面をタップして再起動
Pressione Enter ou clique na tela para reiniciar	Press Enter or click the screen to reboot	Enterキーか画面のクリックで再起動
