Jogar	Play	プレイ
JOGAR	PLAY	プレイ
ABERTO	OPEN	解錠
ACELERAR	ACCELERATE	加速
ACERTOS	HITS	命中
ATRAVESSOU!	CROSSED!	横断成功！
ATROPELADO	RUN OVER	衝突
Amuleto	Amulet	お守り
Anel	Ring	指輪
Apagar	Erase	消去
Arco	Bow	弓
Armadura	Armor	防具
Artes	Arts	芸術
Atirar	Fire	射撃
BLOQUEADO	LOCKED	ロック中
Bloqueada	Locked	未解除
Bolha	Bubble	気泡
Botas	Boots	ブーツ
Burocracia	Bureaucracy	事務手続き
CURTO-CIRCUITO!	SHORT CIRCUIT!	ショート！
Cama	Bed	ベッド
Cartola	Top hat	シルクハット
Cobrinha	Snake	スネーク
Colecionador	Collector	コレクター
Confirmar	Confirm	決定
Continue	Continue	つづける
Continue?	Continue?	つづけますか？
Craftar	Craft	作成
Desbloqueada	Unlocked	解除済み
Desvantagem	Disadvantage	不利
Dormir	Sleep	眠る
ESPECIAL!	SPECIAL!	必殺技！
Elmo	Helmet	かぶと
Embarcados	Embedded systems	組み込み
Empurra-caixa	Box Pusher	倉庫番
Explorador	Explorer	探検家
FALHA	FAILURE	失敗
FIM	END	終了
Ferramentas	Tools	ツール
Furigana	Furigana	ふりがな
Hardware	Hardware	ハードウェア
Humanas	Humanities	人文科学
IMPACTO!	IMPACT!	衝撃！
Idioma	Language	言語
Infra	Infra	インフラ
Infraestrutura	Infrastructure	インフラ
Lab	Lab	ラボ
Madrugada	Late night	深夜
Marketing	Marketing	マーケティング
Mimikyu	Mimikyu	ミミッキュ
Nuvem	Cloud	クラウド
ONDA	WAVE	ウェーブ
Onda	Wave	ウェーブ
PASSOS	STEPS	歩数
PAUSA	PAUSE	一時停止
Pachinko	Pachinko	パチンコ
Pausar	Pause	一時停止
Pinball	Pinball	ピンボール
Playmat	Playmat	プレイマット
Portfolio	Portfolio	ポートフォリオ
Protocolo	Protocol	プロトコル
RECORDE	HIGH SCORE	ハイスコア
RECORDES	HIGH SCORES	ハイスコア
RODADA	ROUND	ラウンド
Redes	Networking	ネットワーク
Reflexo	Reflection	反射
Rolando	Rolling	ロール中
SECRETO!	SECRET!	秘密！
SUCESSO	SUCCESS	成功
SUPER!	SUPER!	超必殺技！
Salvar	Save	セーブ
Save	Save	セーブ
Sensores	Sensors	センサー
Software	Software	ソフトウェア
Tecla	Key	キー
Testes	Tests	テスト
Tirar	Remove	外す
TRAVESSIAS	CROSSINGS	横断数
Travessia	Crossing	横断
Vantagem	Advantage	有利
aberta	open	開いている
aguarde	please wait	お待ちください
alta	high	高
bolha	bubble	気泡
bolhas	bubbles	気泡
comandos	commands	コマンド
continua	continue	つづく
continuar	continue	つづける
créditos	credits	クレジット
dados	data	データ
desligada	off	オフ
dica	hint	ヒント
dicas	hints	ヒント
economia	low power	省電力
fecha	close	閉じる
fechada	closed	閉じている
fechar	close	閉じる
ficha	coin	コイン
fichas	coins	コイン
golpe	move	技
golpes	moves	技
idiomas	languages	言語
início	home	ホーム
itens	items	アイテム
lidos	read	既読
maçãs.	apples.	個のリンゴ。
offline	offline	オフライン
online	online	オンライン
pontos	points	ポイント
rabo	tail	しっぽ
receitas	recipes	レシピ
rolando...	rolling...	ロール中…
secretas	secret	秘密
segredo	secret	秘密
tela	screen	画面
tentativa	attempt	挑戦
tocando	playing	再生中
toque	touch	タッチ
vazio	empty	空
Xbox One S	Xbox One S	Xbox One S
d20	d20	20面ダイス
estourada	popped	つぶした
desbloqueada	unlocked	解除済み
bloqueada	locked	未解除
aqui no Lab	here in the Lab	このラボで
14 rotas	14 routes	14ルート
PULAR A CAMINHADA	SKIP	スキップ	PULAR
