Avance pela placa e derrube os robôs. Objetivo: 2.400 pontos; a cada 600, você recupera uma vida.	Cross the board and defeat the robots. Goal: 2,400 points; every 600 restores one life.	基板を進んでロボットを倒そう。目標は2,400点。600点ごとにライフが1回復します。
mover (ou ← e →)	move (or ← and →)	移動（←・→でも可）
mirar em qualquer direção; segure o clique para atirar	aim in any direction; hold the mouse button to fire	全方向に照準を合わせる。マウスボタンを押し続けて射撃
mirar sem mouse; combine com ← e → para diagonais	aim without a mouse; combine with ← and → for diagonals	マウスなしで照準を操作。←・→と組み合わせて斜めに狙う
chamar o tanque por 8 segundos, uma vez por partida	call the tank for 8 seconds, once per game	1ゲームに1回、戦車を8秒間呼び出す
jogar ou reiniciar; durante a pausa, continuar	play or restart; while paused, resume	開始・やり直し。一時停止中は再開
pausar ou continuar	pause or resume	一時停止・再開
No celular, use os controles abaixo da tela do jogo.	On mobile, use the controls below the game screen.	スマートフォンではゲーム画面の下のボタンで操作できます。
pular	jump	ジャンプ
atirar	fire	射撃
Mouse	Mouse	マウス
