TV antiga	Vintage TV	レトロテレビ
Tubo CRT	CRT tube	ブラウン管
Alta definição	High definition	高精細
Imagem: TV antiga · alternar	Picture: vintage TV · switch	画質：レトロテレビ · 切り替え
Imagem: tubo CRT · alternar	Picture: CRT tube · switch	画質：ブラウン管 · 切り替え
Imagem: alta definição · alternar	Picture: high definition · switch	画質：高精細 · 切り替え
Alternar estilo de tela	Switch display style	画面のスタイルを切り替える
Uma TV, três jeitos de ver o portfólio. O botão alterna entre TV antiga, tubo CRT e alta definição. A sua escolha fica guardada neste navegador.	One TV, three ways to see the portfolio. The button cycles through vintage TV, CRT tube and high definition. Your choice is saved in this browser.	1台のテレビで、ポートフォリオの見え方を3種類楽しめます。ボタンを押すと、レトロテレビ、ブラウン管、高精細の順に切り替わります。設定はこのブラウザーに保存されます。
TV antiga: granulação suave, linhas analógicas e cantos escurecidos. Aperte o botão para experimentar a tela de tubo.	Vintage TV: soft grain, analog lines and darker corners. Press the button to try the CRT screen.	レトロテレビ：控えめな粒子感とアナログの走査線、少し暗い画面の隅。ボタンを押すとブラウン管に切り替わります。
Tubo CRT: linhas finas e um leve brilho nas bordas, com menos granulação. O próximo toque deixa a imagem em alta definição.	CRT tube: fine lines, a gentle edge glow and less grain. Press again for high definition.	ブラウン管：細い走査線と縁のほのかな光。粒子感は控えめです。もう一度押すと高精細に切り替わります。
Alta definição: imagem limpa, sem granulação nem linhas de TV. A arte e a escala continuam iguais. O próximo toque volta para a TV antiga.	High definition: a clean picture, without grain or TV lines. The artwork and scale stay the same. Press again to return to the vintage TV.	高精細：粒子感や走査線のない、すっきりした画面。絵柄や大きさは変わりません。もう一度押すとレトロテレビに戻ります。
Ligar a televisão	Turn on the television	テレビの電源を入れる
Ligar TV	Turn on TV	テレビをつける
Girar o seletor de canal	Turn the channel selector	チャンネルつまみを回す
Volume cenográfico	Decorative volume dial	飾りの音量つまみ
Clique ou arraste para girar	Click or drag to turn	クリックまたはドラッグで回す
Canal	Channel	チャンネル
Volume	Volume	音量
