Press Start	Press Start	スタート	Aperte Start
Ligue o sistema.	Power on the system.	システムを起動する。
Ligou o sistema.	System powered on.	システムが起動しました。
Main escolhido	Main selected	得意分野を選択
Escolha entre hardware, software e segurança.	Choose hardware, software or security.	ハードウェア、ソフトウェア、セキュリティから選ぶ。
Escolheu um main. Todos valem.	You chose your main. Every choice counts.	得意分野を選びました。どれも大切です。
Visite todas as telas.	Visit every screen.	すべての画面を訪れる。
Viu tudo. Ou quase tudo.	You've seen everything. Almost.	全部見ました。たぶん。
Leitor de missões	Mission reader	ミッション読破
Abra as 4 missões principais.	Open all 4 main missions.	4つのメインミッションを開く。
Leu o quest log inteiro.	You read the entire quest log.	クエストログをすべて読みました。
Inspecione os 26 itens do inventário.	Inspect all 26 inventory items.	インベントリの26アイテムを調べる。
Conferiu o inventário item por item.	You checked every inventory item.	全アイテムを一つずつ確認しました。
Gamer de carteirinha	Certified gamer	生粋のゲーマー
Leia a nota de cada jogo no Sobre.	Read every game note on About.	プロフィールの各ゲームの紹介を読む。
Conhece a biblioteca inteira.	You know the whole library.	ライブラリをすべて知りました。
Descubra como se lê meu nome.	Find out how to read my name.	名前の読み方を知る。
Aprendeu a ler 小笠原 光.	You learned to read 小笠原 光.	「小笠原 光」の読み方を覚えました。
Golpe especial	Special move	必殺技
Solte um golpe da lista no controle do Sobre.	Perform a listed move on the About controller.	プロフィールのコントローラーで必殺技を出す。
A lista de golpes não era enfeite.	That move list wasn't just decoration.	技リストは飾りではありませんでした。
Use o código clássico no controle.	Enter the classic code on the controller.	コントローラーで定番のコマンドを入力する。
30 vidas extras.	30 extra lives.	残機が30増えました。
Sem sudo	No sudo for you	sudo禁止
Tente virar root no terminal do lab.	Try becoming root in the lab terminal.	ラボのターミナルでrootになろうとする。
Tentou virar root. Foi reportado.	You tried becoming root. This incident was reported.	rootになろうとしました。この操作は報告されました。
Speedrun any%	Any% speedrun	Any%スピードラン
Do Press Start ao contato em até 15 s.	Reach Contact within 15 seconds of pressing Start.	スタートから15秒以内に連絡先へ到着する。
Chegou no save point voando.	You flew straight to the save point.	セーブポイントまで一直線でした。
Rage quit	Rage quit	怒りの終了	Saiu de raiva
Desligue o sistema no botão de energia.	Shut down using the power button.	電源ボタンでシステムを終了する。
Desligou no meio da partida.	You switched off mid-game.	ゲームの途中で電源を切りました。
Save point	Save point	セーブポイント	Ponto de salvamento
Insira uma ficha no contato.	Insert a coin on Contact.	連絡先でコインを入れる。
Ficha inserida, e-mail copiado. Até já.	Coin inserted, email copied. See you soon.	コインを入れ、メールアドレスをコピーしました。またね。
Aponte e clique	Point and click	ポイント＆クリック
Examine todos os objetos do quarto.	Examine every object in the room.	部屋のすべての物を調べる。
Nada no quarto escapou.	Nothing in the room escaped you.	部屋を隅々まで調べました。
Engenharia reversa	Reverse engineering	リバースエンジニアリング
Gire um modelo 3D do início uma volta inteira.	Turn a Home 3D model through a full rotation.	ホームの3Dモデルを一回転させる。
Olhou a placa por todos os ângulos.	You examined the board from every angle.	基板をあらゆる角度から見ました。
Primeira receita	First recipe	初めてのレシピ
Combine dois itens na bancada do lab.	Combine two items on the lab workbench.	ラボの作業台で2つのアイテムを組み合わせる。
Craftou o primeiro projeto.	You crafted your first project.	初めてのプロジェクトを作りました。
Power user	Power user	パワーユーザー	Usuário avançado
Execute um comando pela paleta (ctrl+k).	Run a command from the palette (Ctrl+K).	コマンドパレット（Ctrl+K）からコマンドを実行する。
Navegou sem tirar a mão do teclado.	You navigated without leaving the keyboard.	キーボードだけで移動しました。
Estoura tudo	Pop them all	全部プチプチ
Estoure uma folha inteira de plástico-bolha.	Pop a whole sheet of bubble wrap.	緩衝材の気泡を全部つぶす。
A ansiedade de esperar resposta agradece.	A little relief while waiting for a reply.	返信を待つ間の気分転換になりました。
Em caso de emergência	In case of emergency	緊急時には
Quebre o vidro do modo recrutador.	Break the recruiter-mode glass.	採用担当者モードのガラスを割る。
Quebrou o vidro. O essencial estava lá dentro.	You broke the glass. The essentials were inside.	ガラスを割りました。必要な情報が中にありました。
Firewall humano	Human firewall	人間ファイアウォール
Faça 3.000 pontos no Packet Invaders.	Score 3,000 points in Packet Invaders.	Packet Invadersで3,000点を獲得する。
Segurou a LAN no braço.	You defended the LAN yourself.	自分の手でLANを守りました。
DJ do quarto	Bedroom DJ	部屋のDJ
Ouça as 3 faixas da trilha.	Listen to all 3 soundtrack tracks.	BGMを3曲すべて聴く。
Conhece a trilha inteira.	You've heard the entire soundtrack.	すべてのBGMを聴きました。
Cobra criada	Seasoned snake	育ったヘビ
Coma 15 maçãs na cobrinha do controle.	Eat 15 apples in the controller's snake game.	コントローラーのヘビゲームでリンゴを15個食べる。
Cresceu sem morder o próprio rabo.	You grew without biting your own tail.	自分のしっぽをかまずに成長しました。
Blind Bandit	Blind Bandit	盲目の盗賊	Bandida Cega
Sinta o chão.	Feel the ground.	地面を感じる。
Enxergou sem usar os olhos.	You saw without using your eyes.	目を使わずに見えました。
Metalbender	Metalbender	金属の技の使い手	Dobrador de metal
Nenhum metal é puro.	No metal is pure.	純粋な金属などない。
Achou a impureza no metal.	You found the impurity in the metal.	金属の中の不純物を見つけました。
Capture the Flag	Capture the Flag	フラグを獲得	Capture a bandeira
Toda flag precisa ser entregue em algum lugar.	Every flag needs somewhere to be submitted.	見つけたフラグには提出先があります。
Entregou a flag no terminal.	You submitted the flag in the terminal.	ターミナルでフラグを提出しました。
Twinkle Toes	Twinkle Toes	きらきらつま先	Pé Leve
Tem gente que anda sem fazer barulho.	Some people walk without a sound.	音を立てずに歩く人もいます。
Pisou tão leve que o sismógrafo nem sentiu.	Your steps were too light for the seismograph.	足音が軽すぎて地震計にも気づかれませんでした。
Coruja	Night owl	夜ふかし
Volte quando o sol for embora.	Come back after the sun goes down.	日が沈んでから戻ってくる。
Apareceu de madrugada. Boa noite.	You arrived in the small hours. Good evening.	深夜にようこそ。こんばんは。
Senha de fábrica	Factory password	初期パスワード
Tem um cofre que nunca trocou a senha.	There's a safe whose password was never changed.	パスワードを変えていない金庫があります。
Abriu o cofre com a senha padrão. Troque sempre a sua.	You opened the safe with its default password. Always change yours.	初期パスワードで金庫が開きました。自分のものは必ず変更しましょう。
Descanso merecido	Well-earned rest	ひと休み
Até herói precisa de um save.	Even a hero needs a save.	ヒーローにもセーブが必要。
Dormiu, salvou e recuperou o HP.	You slept, saved and restored your HP.	眠って、セーブして、HPが回復しました。
Tem comando que se multiplica até travar tudo.	Some commands multiply until everything freezes.	増え続けてシステムを止めるコマンドがあります。
Derrubou o sistema com uma fork bomb. Em produção, nunca.	You crashed the simulated system with a fork bomb. Never in production.	フォーク爆弾で仮想システムが停止しました。本番では絶対に実行しないでください。
Vinte natural	Natural twenty	ナチュラル20
Tire um 20 natural no d20 da mesa de Magic.	Roll a natural 20 on the Magic table's D20.	MagicのテーブルのD20で20を出す。
Vinte natural. O mestre nem conferiu o modificador.	Natural twenty. The GM didn't even check the modifier.	ナチュラル20。GMは修正値も確認しませんでした。
Por trás da tela	Behind the screen	画面の裏側
Todo jogo de bloco tem uma tela de debug.	Every block game has a debug screen.	ブロックのゲームにはデバッグ画面がつきもの。
Abriu o modo debug e viu as hitboxes.	You opened debug mode and saw the hitboxes.	デバッグモードで当たり判定を確認しました。
aperte PRESS START na tela de boot.	press START on the boot screen.	起動画面でSTARTを押してください。
escolha hardware, software ou a segurança do meio, na página inicial.	choose hardware, software or security in the middle of Home.	ホームでハードウェア、ソフトウェア、または中央のセキュリティを選んでください。
passe pelas quatro telas do site, pelo quarto e pelo lab (o computador do quarto abre ele).	visit the four site pages, the room and the lab (opened from the room computer).	サイトの4ページ、部屋、ラボを訪れてください。ラボは部屋のパソコンから開けます。
abra as quatro missões em Projetos.	open all four missions in Projects.	プロジェクトで4つのミッションを開いてください。
passe o mouse em todos os itens do inventário, aqui no Lab.	hover over every inventory item here in the Lab.	ラボのインベントリの全アイテムにカーソルを合わせてください。
no Sobre, clique em cada jogo da lista.	click every game in the About list.	プロフィールの各ゲームをクリックしてください。
clique no nome em kanji da página inicial.	click the kanji name on Home.	ホームの漢字の名前をクリックしてください。
no controle do Sobre, ↓ → A solta o golpe do firmware.	on the About controller, ↓ → A performs the firmware move.	プロフィールのコントローラーで↓ → Aを入力するとファームウェアの技が出ます。
↑ ↑ ↓ ↓ ← → ← → B A, no controle do Sobre.	↑ ↑ ↓ ↓ ← → ← → B A on the About controller.	プロフィールのコントローラーで↑ ↑ ↓ ↓ ← → ← → B A。
tente um sudo aqui mesmo.	try sudo right here.	ここでsudoを試してください。
do Press Start até o Contato em até 15 segundos.	from Start to Contact in 15 seconds or less.	スタートから15秒以内に連絡先へ。
tem um botão de energia lá no topo.	there's a power button at the top.	上に電源ボタンがあります。
insira a ficha no Contato.	insert a coin on Contact.	連絡先でコインを入れてください。
no quarto, examine os 61 objetos: chegue perto e aperte E, ou clique neles.	examine every room object: walk up and press E, or click it.	部屋の物をすべて調べてください。近づいてEを押すか、クリックできます。	no quarto, examine todos os objetos: chegue perto e aperte E, ou clique neles.
no Início, arraste um dos modelos 3D até dar uma volta completa.	on Home, drag a 3D model through a full rotation.	ホームで3Dモデルをドラッグして一回転させてください。
combine dois itens na bancada daqui do Lab. tente ESP32 + MQTT.	combine two workbench items in the Lab. Try ESP32 + MQTT.	ラボの作業台で2つを組み合わせてください。ESP32＋MQTTがおすすめ。
abra a paleta com ctrl+k (ou o botão >_ lá em cima) e execute um comando.	open the palette with Ctrl+K (or the >_ button above) and run a command.	Ctrl+Kまたは上の>_ボタンでパレットを開き、コマンドを実行してください。
no Contato tem plástico-bolha. estoure tudo.	there's bubble wrap on Contact. Pop it all.	連絡先には緩衝材があります。全部つぶしましょう。
tem uma cama no quarto. deite nela.	there's a bed in the room. Lie down.	部屋のベッドで横になってください。
tem um vidro de emergência no Press Start e no menu de pausa. segure até quebrar.	there's emergency glass on Start and Pause. Hold until it breaks.	スタート画面とポーズメニューの緊急用ガラスを、割れるまで長押ししてください。
o fliperama do quarto funciona. chegue a 3.000 pontos.	the room arcade works. Reach 3,000 points.	部屋のアーケードで3,000点を目指してください。
no menu de pausa, troque a trilha até ouvir as três.	change the track in Pause until you've heard all three.	ポーズメニューで曲を切り替えて3曲とも聴いてください。
o controle do Sobre tem uma tela. aperte START.	the About controller has a screen. Press START.	プロフィールのコントローラーには画面があります。STARTを押してください。
a fork bomb clássica do bash, aqui no terminal: :(){ :|:& };:	the classic bash fork bomb, in this simulated terminal: :(){ :|:& };:	この仮想ターミナルでbashのフォーク爆弾：:(){ :|:& };:
aperte F3 (ou procure "debug" na paleta).	press F3 (or search for "debug" in the palette).	F3を押すか、パレットで「debug」を検索してください。
bata o pé três vezes rápido no sismógrafo lá embaixo.	stamp three times quickly on the seismograph below.	下の地震計で素早く3回足踏みしてください。
o firmware.bin tem um byte que não deveria estar ali. quem enxerga pelo chão sente ele tremer.	firmware.bin has a byte that doesn't belong. Those who see through the ground feel it shake.	firmware.binに余計なバイトがあります。地面を通して見える人には、その震えが分かります。
achou uma flag? entregue ela aqui no terminal.	found a flag? Submit it here in the terminal.	フラグを見つけたら、ここで提出してください。
pare o mouse em cima do sismógrafo, sem clicar.	keep the pointer over the seismograph without clicking.	クリックせずに地震計の上でカーソルを止めてください。
volte entre meia-noite e cinco da manhã.	come back between midnight and 5 a.m.	午前0時から5時の間に戻ってきてください。
a missão 03 tem um cofre. a senha de fábrica é a revisão do BIOS.	mission 03 has a safe. Its factory password is the BIOS revision.	ミッション03に金庫があります。初期パスワードはBIOSのリビジョンです。
Montei um compendium interativo em HTML pra acompanhar as personas. E Makouha > Mahama: prefiro dano confiável a instakill no cara ou coroa.	I built an interactive HTML compendium to track personas. And Makouha > Mahama: I prefer reliable damage to a coin-flip instant kill.	ペルソナを管理するHTMLの対話型全書を作りました。マハコウハ派です。確率で即死を狙うより、確実にダメージを与えたい。
zerado no Honour Mode	completed on Honour Mode	名誉モードでクリア
Zerado no Honour Mode: um save só, chefes com ações lendárias e nenhuma chance de recarregar. Cada teste de dado valia de verdade.	Completed on Honour Mode: one save, bosses with legendary actions and no reloading. Every dice check mattered.	名誉モードでクリア。セーブは1つ、ボスは伝説的アクションを使い、やり直しもできません。すべてのダイス判定が真剣勝負でした。
main: Robo-Fortune	main: Robo-Fortune	メイン：ロボフォーチュン
Time em montagem com a Squigly. Favorita: Robo-Fortune, com a Annie logo atrás.	Building a team with Squigly. Favorite: Robo-Fortune, closely followed by Annie.	スクィグリーを入れてチームを編成中。お気に入りはロボフォーチュン、次はアニー。
favorita: Falke	favorite: Falke	お気に入り：ファルケ
Personagem favorita: Falke. Estilo: zoner, como sempre.	Favorite character: Falke. Playstyle: zoner, as always.	好きなキャラはファルケ。いつも通り遠距離戦が得意です。
Commander com quatro decks: Toph, the First Metalbender; The Emperor of Palamecia; Sokka, Tenacious Tactician; e Imskir Iron-Eater. No Standard, mono-red aggro.	Four Commander decks: Toph, the First Metalbender; The Emperor of Palamecia; Sokka, Tenacious Tactician; and Imskir Iron-Eater. In Standard, mono-red aggro.	統率者デッキはToph, the First Metalbender、The Emperor of Palamecia、Sokka, Tenacious Tactician、Imskir Iron-Eaterの4つ。スタンダードでは赤単アグロ。
Minerar, construir, derrubar boss. E o jogo tem fiação e portas lógicas, basicamente sistemas digitais com espada.	Mine, build, defeat bosses. It also has wiring and logic gates: digital systems with a sword.	採掘、建築、ボス討伐。配線と論理ゲートもあるので、剣を持って学ぶデジタル回路のようなものです。
